,Suburb,Postcode,Local government area,Latitude,Longitude,1st Most Common Venue
0,Bellfield,3081,City of Banyule,-37.7531065,145.0384784,Middle Eastern Restaurant
1,Briar Hill,3088,City of Banyule,-37.706370299999996,145.1216479,Portuguese Restaurant
2,Bundoora,3083,City of Banyule; City of Darebin; City of Whittlesea,-37.69730565,145.066254356098,Fast Food Restaurant
3,Eaglemont,3084,City of Banyule,-37.7651442,145.06333130000002,Indian Restaurant
4,Eltham,3095,City of Banyule; Shire of Nillumbik,-37.71338695,145.147879912001,Polish Restaurant
5,Eltham North,3095,City of Banyule; Shire of Nillumbik,-37.697892100000004,145.14178069999997,Fast Food Restaurant
6,Greensborough,3088,City of Banyule; Shire of Nillumbik,-37.6988474,145.1074004,Fast Food Restaurant
7,Heidelberg,3084,City of Banyule,-37.75247879999999,145.0701284,Middle Eastern Restaurant
8,Heidelberg Heights,3081,City of Banyule,-37.7451831,145.0529194,Middle Eastern Restaurant
9,Heidelberg West,3081,City of Banyule,-37.738243100000005,145.04339219999997,Portuguese Restaurant
10,Ivanhoe,3079,City of Banyule,-37.7690312,145.0430809,Thai Restaurant
11,Ivanhoe East,3079,City of Banyule,-37.7733903,145.0617815,Fast Food Restaurant
12,Lower Plenty,3093,City of Banyule,-37.738843700000004,145.116224,Middle Eastern Restaurant
13,Macleod,3085,City of Banyule; City of Darebin,-37.7204404,145.069828,Polish Restaurant
14,Montmorency,3094,City of Banyule,-37.7189715,145.12562309999998,Polish Restaurant
15,Rosanna,3084,City of Banyule,-37.739634499999994,145.0696349,Middle Eastern Restaurant
16,St Helena,3088,City of Banyule,-37.689513500000004,145.1295774,Fast Food Restaurant
17,Viewbank,3084,City of Banyule,-37.73991029999999,145.0932329,Middle Eastern Restaurant
18,Watsonia,3087,City of Banyule,-37.7097848,145.0832709,Portuguese Restaurant
19,Watsonia North,3087,City of Banyule,-37.696046,145.084977,Polish Restaurant
20,Yallambie,3085,City of Banyule,-37.7251655,145.09352180000002,Polish Restaurant
21,Beaumaris,3193,City of Bayside,-37.982212200000006,145.03890980000003,
22,Black Rock,3193,City of Bayside,-37.9705189,145.0229519,
23,Brighton,3186,City of Bayside,-37.90560815,145.00275061303302,
24,Brighton East,3187,City of Bayside,-37.917172799999996,145.01636630000002,
25,Cheltenham,3192,City of Bayside; City of Kingston,-37.963418100000005,145.0615668,
26,Gardenvale,3185,City of Bayside,-37.8981194,145.00918240000001,
27,Hampton,3188,City of Bayside,-37.9374028,145.00912380000003,
28,Hampton East,3188,City of Bayside,-37.9385409,145.0306726,
29,Highett,3190,City of Bayside; City of Kingston,-37.9504036,145.039797,
30,Moorabbin,3189,City of Bayside; City of Kingston,-37.9414646,145.05783830000001,
31,Sandringham,3191,City of Bayside,-37.9533347,145.01393080000003,
32,Ashburton,3147,City of Boroondara,-37.862079,145.08128469999997,Polish Restaurant
33,Balwyn,3103,City of Boroondara,-37.8091737,145.08336780000002,Korean Restaurant
34,Balwyn North,3104,City of Boroondara,-37.7919518,145.0842372,Polish Restaurant
35,Camberwell,3124,City of Boroondara,-37.838462299999996,145.0740767,Thai Restaurant
36,Canterbury,3126,City of Boroondara,-37.8243448,145.07579330000002,Italian Restaurant
37,Deepdene,3103,City of Boroondara,-37.8121234,145.0664377,Korean Restaurant
38,Glen Iris,3146,City of Boroondara; City of Stonnington,-37.855814,145.06461169999997,Polish Restaurant
39,Hawthorn,3122,City of Boroondara,-37.82442460000001,145.0317207,Italian Restaurant
40,Hawthorn East,3123,City of Boroondara,-37.8313785,145.04997969999997,Malay Restaurant
41,Kew,3101,City of Boroondara,-37.8033586,145.03332849999998,Italian Restaurant
42,Kew East,3102,City of Boroondara,-37.7904215,145.0527906,Polish Restaurant
43,Mont Albert,3127,City of Boroondara; City of Whitehorse,-37.8175479,145.1075721,Italian Restaurant
44,Mont Albert North,3127,City of Boroondara,-37.8033152,145.1107226,Italian Restaurant
45,Surrey Hills,3127,City of Boroondara; City of Whitehorse,-37.8271881,145.09783259999998,Thai Restaurant
46,Albanvale,3021,City of Brimbank,-37.7460824,144.7685623,Middle Eastern Restaurant
47,Albion,3020,City of Brimbank,-37.77638029999999,144.81607130000003,Fast Food Restaurant
48,Ardeer,3022,City of Brimbank,-37.775868100000004,144.8014637,Fast Food Restaurant
49,Brooklyn,3012,City of Brimbank; City of Hobsons Bay,-37.8160898,144.84147480000001,Italian Restaurant
50,Cairnlea,3023,City of Brimbank,-37.7593157,144.78780980000002,Indian Restaurant
51,Calder Park,3037,City of Brimbank,-37.676263899999995,144.7611396,
52,Deer Park,3023,City of Brimbank,-37.7686602,144.7713077,Thai Restaurant
53,Delahey,3037,City of Brimbank,-37.7198138,144.7773228,Polish Restaurant
54,Derrimut,3030,City of Brimbank,-37.798797799999996,144.776051,Italian Restaurant
55,Hillside,3037,City of Brimbank; City of Melton,-37.6904862,144.74173580000001,Fast Food Restaurant
56,Kealba,3021,City of Brimbank,-37.7371074,144.8282988,Italian Restaurant
57,Keilor,3036,City of Brimbank; City of Hume,-37.7113545,144.8250696,Portuguese Restaurant
58,Keilor Downs,3038,City of Brimbank,-37.720576200000004,144.80476140000002,Polish Restaurant
59,Keilor East,3033,City of Brimbank; City of Moonee Valley,-37.7383776,144.8561207,Portuguese Restaurant
60,Keilor Lodge,3038,City of Brimbank,-37.69841339999999,144.79981569999998,Fast Food Restaurant
61,Keilor North,3036,City of Brimbank,-37.6816313,144.7930224,Polish Restaurant
62,Keilor Park,3042,City of Brimbank,-37.7187247,144.85017209999998,Polish Restaurant
63,Kings Park,3021,City of Brimbank,-37.73371220000001,144.7719526,Chinese Restaurant
64,St Albans,3021,City of Brimbank,-37.745098299999995,144.804976,Middle Eastern Restaurant
65,Sunshine,3020,City of Brimbank,-37.78809520000001,144.832602336914,Polish Restaurant
66,Sunshine North,3020,City of Brimbank,-37.7639467,144.8361969,Indian Restaurant
67,Sunshine West,3020,City of Brimbank,-37.7983442,144.8110919,Italian Restaurant
68,Sydenham,3037,City of Brimbank,-37.6997223,144.76532949999998,Fast Food Restaurant
69,Taylors Lakes,3038,City of Brimbank,-37.698633,144.78630769999998,Fast Food Restaurant
70,Tullamarine,3043,City of Brimbank; City of Hume; City of Moreland,-37.704658,144.87177319999998,Portuguese Restaurant
71,Beaconsfield,3807,Shire of Cardinia,-38.0403488,145.38314680000002,
72,Emerald,3782,Shire of Cardinia; Shire of Yarra Ranges,-37.93107,145.44888902516502,
73,Officer,3809,Shire of Cardinia,-38.049175,145.41180221332,
74,Pakenham,3810,Shire of Cardinia,-38.06823555,145.47878113336202,
75,Avonsleigh,3782,Shire of Cardinia,-37.91404,145.482076000566,
76,Bayles,3981,Shire of Cardinia,-38.176973600000004,145.573224,
77,Beaconsfield Upper,3808,Shire of Cardinia,-37.998734999999996,145.42521466494802,
78,Bunyip,3815,Shire of Cardinia,-38.0971242,145.7208993,
79,Bunyip North,3815,Shire of Cardinia,-38.0971242,145.7208993,
80,Caldermeade,3984,Shire of Cardinia,-38.239565,145.54077683333298,
81,Cardinia,3978,Shire of Cardinia,-38.13432,145.421166606992,
82,Catani,3981,Shire of Cardinia,-38.1948042,145.6413285,
83,Clematis,3782,Shire of Cardinia,-37.9340691,145.417641,
84,Cockatoo,3781,Shire of Cardinia,-37.9344942,145.49147659999997,
85,Cora Lynn,3814,Shire of Cardinia,-38.1436888,145.60427109999998,
86,Dalmore,3981,Shire of Cardinia,-38.1950098,145.4191387,
87,Dewhurst,3809,Shire of Cardinia,-37.97633,145.47403147614799,
88,Garfield,3814,Shire of Cardinia,-38.0898677,145.676222,
89,Garfield North,3814,Shire of Cardinia,-38.03934,145.685876546336,
90,Gembrook,3783,Shire of Cardinia,-37.9685261,145.495700419905,
91,Guys Hill,3807,Shire of Cardinia,-38.0142333,145.39060039999998,
92,Heath Hill,3981,Shire of Cardinia; Shire of Baw Baw,-38.24878,145.691397522341,
93,Iona,3815,Shire of Cardinia,-38.161365,145.686712776183,
94,Koo Wee Rup,3981,Shire of Cardinia,-38.2003356,145.4892906,
95,Koo Wee Rup North,3891,Shire of Cardinia,-38.1990553,145.492854,
96,Lang Lang,3984,Shire of Cardinia,-38.2660405,145.56277780000002,
97,Lang Lang East,3894,Shire of Cardinia,-38.2660405,145.56277780000002,
98,Longwarry,3816,Shire of Cardinia; Shire of Baw Baw,-38.111138700000005,145.77059530000002,
99,Maryknoll,3812,Shire of Cardinia,-38.03572,145.60193640646298,
100,Menzies Creek,3159,Shire of Cardinia; Shire of Yarra Ranges,-37.9190646,145.40682040000002,
101,Modella,3816,Shire of Cardinia; Shire of Baw Baw,-38.186439299999996,145.7150142,
102,Monomeith,3984,Shire of Cardinia,-38.2206497,145.5106763,
103,Mount Burnett,3781,Shire of Cardinia,-37.972074,145.52036189999998,
104,Nangana,3781,Shire of Cardinia,-37.8755206,145.53250740000001,Polish Restaurant
105,Nar Nar Goon,3812,Shire of Cardinia,-38.08395720000001,145.5752662,
106,Nar Nar Goon North,3812,Shire of Cardinia,-38.029435,145.56357211039,
107,Nyora,3987,Shire of Cardinia; South Gippsland Shire; Shire of Baw Baw,-38.3347289,145.67089030000002,Tapas Restaurant
108,Officer South,3809,Shire of Cardinia,-38.049175,145.41180221332,
109,Pakenham South,3810,Shire of Cardinia,-38.137285,145.49122668171898,
110,Pakenham Upper,3810,Shire of Cardinia,-38.00863,145.50752328993798,
111,Rythdale,3810,Shire of Cardinia,-38.1357145,145.4580948,
112,Tonimbuk,3815,Shire of Cardinia,-38.031209999999994,145.727912634901,
113,Tooradin North,3977,Shire of Cardinia,-38.2138303,145.38168269999997,
114,Tynong,3813,Shire of Cardinia,-38.0830345,145.62684140000002,
115,Tynong North,3813,Shire of Cardinia,-38.02976655,145.637866604289,
116,Vervale,3814,Shire of Cardinia,-37.7129383,144.9735871,Portuguese Restaurant
117,Yannathan,3894,Shire of Cardinia,-38.223445,145.65053392079702,
118,Berwick,3806,City of Casey,-38.0403826,145.3481493,
119,Botanic Ridge,3977,City of Casey,-38.1413786,145.2566183,
120,Clyde,3978,City of Casey,-38.132634499999995,145.3290375,
121,Clyde North,3978,City of Casey,-38.1028681,145.3302814,
122,Cranbourne,3977,City of Casey,-38.09983825,145.282937771062,
123,Cranbourne East,3977,City of Casey,-38.108091200000004,145.3056221,
124,Cranbourne North,3977,City of Casey,-38.0775184,145.2989039,
125,Cranbourne South,3977,City of Casey,-38.150625,145.24676468406602,
126,Doveton,3177,City of Casey,-37.9887542,145.2385975,
127,Endeavour Hills,3802,City of Casey,-37.9702665,145.25634430000002,
128,Eumemmerring,3177,City of Casey,-37.9985273,145.2469497,
129,Hallam,3803,City of Casey,-38.0074845,145.268858,
130,Hampton Park,3976,City of Casey,-38.03673679999999,145.25903119999998,
131,Junction Village,3977,City of Casey,-38.1363443,145.2968697,
132,Lynbrook,3975,City of Casey,-38.057638,145.249374360933,
133,Narre Warren,3805,City of Casey,-38.017956,145.3058481,
134,Narre Warren North,3804,City of Casey,-37.9813391,145.31290159999998,
135,Narre Warren South,3805,City of Casey,-38.054390000000005,145.30285130000001,
136,Blind Bight,3980,City of Casey,-38.2142175,145.3377629,
137,Cannons Creek,3977,City of Casey,-38.2114954,145.3112899,
138,Devon Meadows,3977,City of Casey,-38.162017799999994,145.3024933,
139,Harkaway,3806,City of Casey,-37.9926026,145.356141659516,
140,Lyndhurst,3975,City of Casey (as a suburb); City of Greater Dandenong (as a rural locality),-38.068538399999994,145.2307493,
141,Lysterfield South,3156,City of Casey,-37.952484399999996,145.26692749999998,
142,Pearcedale,3912,City of Casey,-38.2015815,145.242198,
143,Tooradin,3980,City of Casey,-38.2138303,145.38168269999997,
144,Warneet,3980,City of Casey,-38.2213749,145.3117316,
145,Alphington,3078,City of Darebin; City of Yarra,-37.780399200000005,145.0308824,Korean Restaurant
146,Fairfield,3078,City of Darebin; City of Yarra,-37.7845032,145.0158191,Sushi Restaurant
147,Kingsbury,3083,City of Darebin,-37.715569,145.0355601,Polish Restaurant
148,Northcote,3070,City of Darebin,-37.7728157,145.0009469,Fast Food Restaurant
149,Preston,3072,City of Darebin,-37.7418658,145.0078205,Middle Eastern Restaurant
150,Reservoir,3073,City of Darebin,-37.71237670000001,145.0074935,Portuguese Restaurant
151,Thornbury,3071,City of Darebin,-37.7582744,145.00515009999998,Indian Restaurant
152,Carrum Downs,3201,City of Frankston,-38.0927904,145.1758001,
153,Frankston,3199,City of Frankston,-38.1444729,145.1268808,
154,Frankston North,3200,City of Frankston,-38.1228524,145.1609788,
155,Frankston South,3199,City of Frankston,-38.1765027,145.12956409999998,
156,Langwarrin,3910,City of Frankston,-38.154582899999994,145.1973931,
157,Sandhurst,3977,City of Frankston,-38.08194279999999,145.21039,
158,Seaford,3198,City of Frankston,-38.1048309,145.1384475,
159,Skye,3977,City of Frankston,-38.105126500000004,145.2162331,
160,Langwarrin South,3911,City of Frankston,-38.189102399999996,145.19106330000002,
161,Bentleigh,3204,City of Glen Eira,-37.9185101,145.0409246,
162,Bentleigh East,3165,City of Glen Eira,-37.9220201,145.0665529,
163,Caulfield,3162,City of Glen Eira,-37.882265000000004,145.022462837409,Polish Restaurant
164,Caulfield East,3145,City of Glen Eira,-37.881276,145.04208469999998,Polish Restaurant
165,Caulfield North,3161,City of Glen Eira,-37.870828,145.02180049999998,Polish Restaurant
166,Caulfield South,3162,City of Glen Eira,-37.894698999999996,145.02493230000002,
167,Carnegie,3163,City of Glen Eira,-37.893372899999996,145.0559135,
168,Elsternwick,3185,City of Glen Eira,-37.885842499999995,145.00701519999998,
169,Gardenvale,3185,City of Glen Eira,-37.8981194,145.00918240000001,
170,Glen Huntly,3163,City of Glen Eira,-37.8923791,145.0413689,
171,McKinnon,3204,City of Glen Eira,-37.910594200000006,145.03863,
172,Murrumbeena,3163,City of Glen Eira,-37.8968653,145.0703808,
173,Ormond,3204,City of Glen Eira,-37.9039946,145.0432907,
174,St Kilda East,3183,City of Glen Eira; City of Port Phillip,-37.8668218,145.00216569999998,Polish Restaurant
175,Dandenong,3175,City of Greater Dandenong,-37.98749,145.21479230000003,
176,Dandenong North,3175,City of Greater Dandenong,-37.95583189999999,145.2143234,
177,Dandenong South,3175,City of Greater Dandenong,-38.0279936,145.2209236,
178,Keysborough,3173,City of Greater Dandenong,-38.005360700000004,145.1674069,
179,Noble Park,3174,City of Greater Dandenong,-37.9695376,145.176703,
180,Noble Park North,3174,City of Greater Dandenong,-37.9512702,145.19083769999997,
181,Springvale,3171,City of Greater Dandenong,-37.945625299999996,145.1580111,
182,Springvale South,3172,City of Greater Dandenong,-37.9708611,145.14786919999997,
183,Bangholme,3175,City of Greater Dandenong,-38.0483919,145.1720859,
184,Altona,3018,City of Hobsons Bay,-37.8602151,144.813703,Polish Restaurant
185,Altona Meadows,3028,City of Hobsons Bay,-37.8814419,144.7845482,Polish Restaurant
186,Altona North,3025,City of Hobsons Bay,-37.8378229,144.8342853,Kebab Restaurant
187,Laverton,3028,City of Hobsons Bay; City of Wyndham,-37.859382200000006,144.76714040000002,Polish Restaurant
188,Newport,3015,City of Hobsons Bay,-37.843596600000005,144.88047969999997,Australian Restaurant
189,Spotswood,3015,City of Hobsons Bay,-37.8296363,144.887901,Malay Restaurant
190,Seabrook,3028,City of Hobsons Bay,-37.8808999,144.75860600000001,Polish Restaurant
191,Seaholme,3018,City of Hobsons Bay,-37.8677992,144.8410816,Polish Restaurant
192,South Kingsville,3015,City of Hobsons Bay,-37.8306664,144.8713429,Malay Restaurant
193,Williamstown,3016,City of Hobsons Bay,-37.8611788,144.8898569,Polish Restaurant
194,Williamstown North,3016,City of Hobsons Bay,-37.8526453,144.8688784,Thai Restaurant
195,Attwood,3049,City of Hume,-37.6670148,144.884862,Polish Restaurant
196,Broadmeadows,3047,City of Hume,-37.68293875,144.919575351733,Polish Restaurant
197,Campbellfield,3061,City of Hume,-37.6641298,144.959583,Polish Restaurant
198,Coolaroo,3048,City of Hume,-37.6567594,144.9345853,Polish Restaurant
199,Craigieburn,3064,City of Hume,-37.5901421,144.91082649999998,
200,Dallas,3047,City of Hume,-37.6708194,144.9354163,Polish Restaurant
201,Gladstone Park,3043,City of Hume,-37.6898311,144.8944658,Fast Food Restaurant
202,Greenvale,3059,City of Hume,-37.6347658,144.8814617,Polish Restaurant
203,Jacana,3047,City of Hume,-37.6951482,144.9158281,Polish Restaurant
204,Meadow Heights,3048,City of Hume,-37.65116679999999,144.9185521,Polish Restaurant
205,Melbourne Airport,3045,City of Hume,-37.67153775,144.851680260791,Polish Restaurant
206,Roxburgh Park,3064,City of Hume,-37.6258153,144.92557250000002,
207,Somerton,3062,City of Hume,-37.634688,144.9507961,Polish Restaurant
208,Westmeadows,3049,City of Hume,-37.6768765,144.8939017,
209,Sunbury,3429,City of Hume,-37.579693799999994,144.72952809999998,
210,Bulla,3428,City of Hume,-37.634795700000005,144.8027227,Polish Restaurant
211,Clarkefield,3430,City of Hume; Shire of Macedon Ranges,-37.483466,144.74804890000001,
212,Diggers Rest,3427,City of Hume; Shire of Melton,-37.6280256,144.720969,
213,Kalkallo,3064,City of Hume,-37.530952299999996,144.94965390000002,
214,Mickleham,3064,City of Hume,-37.5616549,144.87733390000002,
215,Oaklands Junction,3063,City of Hume,-37.5916891,144.841268461542,
216,Wildwood,3429,City of Hume,-37.55692655,144.799086801365,
217,Yuroke,3063,City of Hume,-37.589463099999996,144.8789803,
218,Aspendale,3195,City of Kingston,-38.0219105,145.1024159,
219,Aspendale Gardens,3195,City of Kingston,-38.022143799999995,145.11983999999998,
220,Bonbeach,3196,City of Kingston,-38.0630635,145.1276225,
221,Braeside,3195,City of Kingston,-38.0005245,145.12295780000002,
222,Carrum,3197,City of Kingston,-38.0767264,145.12800980000003,
223,Chelsea,3196,City of Kingston,-38.0497386,145.121407,
224,Chelsea Heights,3196,City of Kingston,-38.0408403,145.1341354,
225,Clarinda,3169,City of Kingston,-37.943109299999996,145.1060206,
226,Clayton South,3169,City of Kingston,-37.9430924,145.125236,
227,Dingley Village,3172,City of Kingston,-37.975576200000006,145.12564780000002,
228,Edithvale,3196,City of Kingston,-38.0375588,145.1149321,
229,Heatherton,3202,City of Kingston,-37.9560844,145.09320669999997,
230,Mentone,3194,City of Kingston,-37.9813669,145.0689511,
231,Moorabbin Airport,3194,City of Kingston,-37.97746179999999,145.09952969999998,
232,Mordialloc,3195,City of Kingston,-37.9993584,145.0960708,
233,Parkdale,3195,City of Kingston,-37.991867299999996,145.081286,
234,Patterson Lakes,3197,City of Kingston,-38.069449299999995,145.14323290000002,
235,Waterways,3195,City of Kingston,-38.014778299999996,145.1305166,
236,Bayswater,3153,City of Knox,-37.8454443,145.2647667,Polish Restaurant
237,Boronia,3155,City of Knox,-37.8563043,145.2859658,Polish Restaurant
238,Ferntree Gully,3156,City of Knox,-37.8840562,145.2817304,
239,Knoxfield,3180,City of Knox,-37.889773100000006,145.2496342,
240,Lysterfield,3156,City of Knox (as a suburb); Shire of Yarra Ranges (as a rural locality),-37.9348771,145.30175880000002,
241,Rowville,3178,City of Knox,-37.918833899999996,145.2367361,
242,Scoresby,3179,City of Knox,-37.902578600000005,145.21830659999998,
243,Sassafras,3787,City of Knox,-37.8678412,145.35680390000002,Polish Restaurant
244,The Basin,3154,City of Knox,-37.8556937,145.3214075,Polish Restaurant
245,Upper Ferntree Gully,3156,City of Knox; Shire of Yarra Ranges,-37.8966917,145.30987549999998,
246,Wantirna,3152,City of Knox,-37.852335700000005,145.22597209999998,Thai Restaurant
247,Wantirna South,3152,City of Knox,-37.8737902,145.22174750000002,Polish Restaurant
248,Bulleen,3105,City of Manningham,-37.7688992,145.0871992,Thai Restaurant
249,Doncaster,3108,City of Manningham,-37.7848299,145.1238431,Sushi Restaurant
250,Doncaster East,3109,City of Manningham,-37.7788744,145.1638815,Fast Food Restaurant
251,Donvale,3111,City of Manningham,-37.789809399999996,145.1914915,Polish Restaurant
252,Nunawading,3131,City of Manningham; City of Whitehorse,-37.8173756,145.17653080000002,Italian Restaurant
253,Park Orchards,3114,City of Manningham,-37.7769195,145.2146209,Fast Food Restaurant
254,Ringwood North,3134,City of Manningham; City of Maroondah,-37.793032399999994,145.23123130000002,Indian Restaurant
255,Templestowe,3106,City of Manningham,-37.754058799999996,145.14861519999997,Middle Eastern Restaurant
256,Templestowe Lower,3107,City of Manningham,-37.7638749,145.1122762,Indian Restaurant
257,Warrandyte,3113,City of Manningham,-37.7585968,145.22762818933,Indian Restaurant
258,Warrandyte South,3134,City of Manningham,-37.7610033,145.2373853,Indian Restaurant
259,Wonga Park,3115,City of Manningham,-37.7356804,145.269802,Chinese Restaurant
260,Braybrook,3019,City of Maribyrnong,-37.7867076,144.85484509999998,Sushi Restaurant
261,Footscray,3011,City of Maribyrnong,-37.798133899999996,144.897345,Italian Restaurant
262,Kingsville,3012,City of Maribyrnong,-37.8088622,144.8794356,Korean Restaurant
263,Maidstone,3012,City of Maribyrnong,-37.7819337,144.87416059999998,Sushi Restaurant
264,Maribyrnong,3032,City of Maribyrnong,-37.7695144,144.89020490000001,Thai Restaurant
265,Seddon,3011,City of Maribyrnong,-37.8067725,144.8915967,Italian Restaurant
266,Tottenham,3012,City of Maribyrnong,-37.8046977,144.8529354,Italian Restaurant
267,West Footscray,3012,City of Maribyrnong,-37.8005584,144.87108080000002,Italian Restaurant
268,Yarraville,3013,City of Maribyrnong,-37.8180051,144.8819389,Italian Restaurant
269,Bayswater North,3153,City of Maroondah,-37.8269747,145.28368469999998,Malay Restaurant
270,Croydon,3136,City of Maroondah,-37.795177,145.284447,Indian Restaurant
271,Croydon Hills,3136,City of Maroondah,-37.7759541,145.2671081,Fast Food Restaurant
272,Croydon North,3136,City of Maroondah,-37.771884299999996,145.2839524,Vietnamese Restaurant
273,Croydon South,3136,City of Maroondah,-37.8150135,145.27361240000002,Italian Restaurant
274,Heathmont,3135,City of Maroondah,-37.8305406,145.2442572,Malay Restaurant
275,Kilsyth,3137,City of Maroondah,-37.8037844,145.3134593,Italian Restaurant
276,Kilsyth South,3137,City of Maroondah,-37.8315054,145.31100080000002,Malay Restaurant
277,Park Orchards,3114,City of Maroondah,-37.7769195,145.2146209,Fast Food Restaurant
278,Ringwood,3134,City of Maroondah,-37.811476500000005,145.23341509999997,Korean Restaurant
279,Ringwood East,3135,City of Maroondah,-37.813080799999994,145.2530126,Sushi Restaurant
280,Vermont,3133,City of Maroondah; City of Whitehorse,-37.8384616,145.19934709999998,Thai Restaurant
281,Warranwood,3134,City of Maroondah,-37.7725114,145.250157,Fast Food Restaurant
282,Carlton,3053,City of Melbourne,-37.80042279999999,144.9684343,Italian Restaurant
283,Carlton North,3054,City of Melbourne; City of Yarra,-37.7845585,144.97285530000002,Sushi Restaurant
284,Docklands,3008,City of Melbourne,-37.81754229999999,144.9394923,Italian Restaurant
285,East Melbourne,3002,City of Melbourne,-37.812498,144.9858851,Korean Restaurant
286,Flemington,3031,City of Melbourne; City of Moonee Valley,-37.78675870000001,144.9193668,Sushi Restaurant
287,Kensington,3031,City of Melbourne,-37.7943554,144.9270487,Indian Restaurant
288,Melbourne CBD,3000,City of Melbourne,-37.8141823,144.9598007,Sushi Restaurant
289,Melbourne CBD (St Kilda Road area),3004,"City of Melbourne (east side to High Street, Prahran); City of Port Phillip (west side and road south of High Street, Prahran)",0.0,0.0,Polish Restaurant
290,North Melbourne,3051,City of Melbourne; City of Moonee Valley,-37.7985747,144.9451741,Italian Restaurant
291,Parkville,3052,City of Melbourne,-37.7871148,144.9515533,Sushi Restaurant
292,Port Melbourne,3207,City of Melbourne; City of Port Phillip,-37.83336129999999,144.9219203,Thai Restaurant
293,Southbank,3006,City of Melbourne; City of Port Phillip,-37.825361799999996,144.96402030000002,Chinese Restaurant
294,South Wharf,3006,City of Melbourne; City of Port Phillip,-37.8253279,144.9493432,Chinese Restaurant
295,South Yarra,3141,City of Melbourne; City of Stonnington,-37.8377695,144.99185369999998,Kebab Restaurant
296,West Melbourne,3003,City of Melbourne,-37.81044755,144.920429793501,Korean Restaurant
297,Aintree,3336,City of Melton,-37.71939329999999,144.6694023,Polish Restaurant
298,Bonnie Brook,3335,City of Melton,-37.70020195,144.67660009811598,Fast Food Restaurant
299,Brookfield,3338,City of Melton,-37.699338899999994,144.5405513,Fast Food Restaurant
300,Burnside,3023,City of Melton,-37.749373999999996,144.753027,Middle Eastern Restaurant
301,Burnside Heights,3023,City of Melton,-37.7324225,144.7555804,Chinese Restaurant
302,Caroline Springs,3023,City of Melton,-37.7345608,144.7371975,Chinese Restaurant
303,Cobblebank,3338,City of Melton,-37.706300399999996,144.60256569999999,Portuguese Restaurant
304,Deanside,3336,City of Melton,-37.727933,144.70464750000002,Polish Restaurant
305,Exford,3338,City of Melton,-37.728888299999994,144.542927959977,Polish Restaurant
306,Eynesbury,3338,City of Melton; City of Wyndham,-37.7908381,144.55616569999998,Polish Restaurant
307,Fieldstone,3024,City of Melton,-37.74986679999999,144.6482563,Middle Eastern Restaurant
308,Fraser Rise,3336,City of Melton,-37.70598629999999,144.7174013,Portuguese Restaurant
309,Grangefields,3335,City of Melton,-37.7000297,144.63512680000002,Fast Food Restaurant
310,Harkness,3337,City of Melton,-37.65678079999999,144.5525264,Polish Restaurant
311,Kurunjang,3337,City of Melton,-37.6626777,144.59144030000002,Polish Restaurant
312,Melton,3337,City of Melton,-37.6835714,144.5828446,Polish Restaurant
313,Melton South,3338,City of Melton,-37.706027899999995,144.57177230000002,Portuguese Restaurant
314,Melton West,3337,City of Melton,-37.6798651,144.5528895,Polish Restaurant
315,Mount Cottrell,3024,City of Melton; City of Wyndham,-37.76249,144.62283,South American Restaurant
316,Parwan,3340,City of Melton; Shire of Moorabool,-37.735676899999994,144.46947921550301,Chinese Restaurant
317,Plumpton,3335,City of Melton,-37.6727808,144.6993618,Polish Restaurant
318,Ravenhall,3023,City of Melton,-37.7754956,144.73663259999998,Fast Food Restaurant
319,Rockbank,3335,City of Melton,-37.7312767,144.6607316,Chinese Restaurant
320,Strathtulloh,3338,City of Melton,-37.7324394,144.5975017,Chinese Restaurant
321,Taylors Hill,3037,City of Melton,-37.7152241,144.75331269999998,Polish Restaurant
322,Thornhill Park,3335,City of Melton,-37.7274099,144.6259215,Polish Restaurant
323,Toolern Vale,3337,City of Melton,-37.602626799999996,144.584952550434,Polish Restaurant
324,Truganina,3029,City of Melton; City of Wyndham,-37.808901500000005,144.721139,Korean Restaurant
325,Weir Views,3338,City of Melton,-37.7323715,144.57089419999997,Chinese Restaurant
326,Ashwood,3147,City of Monash,-37.866671999999994,145.1022346,Polish Restaurant
327,Burwood,3125,City of Monash; City of Whitehorse,-37.85565995,145.09844123094,Polish Restaurant
328,Chadstone,3148,City of Monash,-37.8822799,145.1001365,Polish Restaurant
329,Clayton,3168,City of Monash,-37.9173212,145.1304242,
330,Glen Waverley,3150,City of Monash,-37.8816255,145.1681838,Polish Restaurant
331,Hughesdale,3166,City of Monash,-37.8995028,145.0811583,
332,Huntingdale,3166,City of Monash,-37.907658500000004,145.1084736,
333,Monash University,3800,City of Monash,-37.9011951,145.130584919767,
334,Mount Waverley,3149,City of Monash,-37.878392299999994,145.1284919,Polish Restaurant
335,Mulgrave,3170,City of Monash,-37.9319869,145.18179881096,
336,Notting Hill,3168,City of Monash,-37.905582,145.14556159999998,
337,Oakleigh,3166,City of Monash,-37.9066691,145.111258439223,
338,Oakleigh East,3166,City of Monash,-37.9039215,145.1153403,
339,Oakleigh South,3167,City of Monash,-37.92482570000001,145.0921745,
340,Wheelers Hill,3150,City of Monash,-37.9103266,145.1895175,
341,Aberfeldie,3040,City of Moonee Valley,-37.7596196,144.8974571,Indian Restaurant
342,Airport West,3042,City of Moonee Valley,-37.7222576,144.88349419999997,Polish Restaurant
343,Ascot Vale,3032,City of Moonee Valley,-37.776956299999995,144.9137235,Fast Food Restaurant
344,Avondale Heights,3034,City of Moonee Valley,-37.761453700000004,144.86214099999998,Afghan Restaurant
345,Essendon,3040,City of Moonee Valley,-37.74945485,144.913193712624,Middle Eastern Restaurant
346,Essendon Fields,3041,City of Moonee Valley,-37.72692120000001,144.90041340000002,Polish Restaurant
347,Essendon North,3041,City of Moonee Valley,-37.73847620000001,144.90120269999997,Portuguese Restaurant
348,Essendon West,3040,City of Moonee Valley,-37.75464,144.883441718625,Middle Eastern Restaurant
349,Moonee Ponds,3039,City of Moonee Valley,-37.765575,144.9212864,Middle Eastern Restaurant
350,Niddrie,3042,City of Moonee Valley,-37.7397699,144.8847881,Middle Eastern Restaurant
351,Strathmore,3041,City of Moonee Valley,-37.7333202,144.91824330000003,Chinese Restaurant
352,Strathmore Heights,3041,City of Moonee Valley,-37.7133663,144.8969057,Polish Restaurant
353,Travancore,3032,City of Moonee Valley,-37.780755299999996,144.935503,Australian Restaurant
354,Brunswick,3056,City of Moreland,-37.7664715,144.9613103,Middle Eastern Restaurant
355,Brunswick East,3057,City of Moreland,-37.768880200000005,144.9776825,Thai Restaurant
356,Brunswick West,3055,City of Moreland,-37.7633334,144.9425563,South American Restaurant
357,Coburg,3058,City of Moreland,-37.744975200000006,144.9643314,Middle Eastern Restaurant
358,Coburg North,3058,City of Moreland,-37.7243394,144.9675896,Polish Restaurant
359,Fawkner,3060,City of Moreland,-37.7052065,144.9696144,Portuguese Restaurant
360,Glenroy,3046,City of Moreland,-37.702819899999994,144.9275403,Fast Food Restaurant
361,Gowanbrae,3043,City of Moreland,-37.702718299999994,144.8975976,Fast Food Restaurant
362,Hadfield,3046,City of Moreland,-37.7101582,144.9502764,Portuguese Restaurant
363,Oak Park,3046,City of Moreland,-37.7181626,144.9189712,Polish Restaurant
364,Pascoe Vale,3044,City of Moreland,-37.7250777,144.9379604,Polish Restaurant
365,Pascoe Vale South,3044,City of Moreland,-37.7434265,144.9384767,Middle Eastern Restaurant
366,Blairgowrie,3942,Shire of Mornington Peninsula (adjacent to Port Phillip),-38.3687445,144.77226819999998,
367,Capel Sound,3940,Shire of Mornington Peninsula (adjacent to Port Phillip),-38.373724100000004,144.8755654,Polish Restaurant
368,Dromana,3936,Shire of Mornington Peninsula (adjacent to Port Phillip),-38.3418285,144.96558380000002,
369,McCrae,3938,Shire of Mornington Peninsula (adjacent to Port Phillip),-38.359979100000004,144.9338501,Polish Restaurant
370,Mornington,3931,Shire of Mornington Peninsula (adjacent to Port Phillip),-33.15379,115.929,
371,Mount Eliza,3930,Shire of Mornington Peninsula (adjacent to Port Phillip),-38.19381,145.095732088415,
372,Mount Martha,3934,Shire of Mornington Peninsula (adjacent to Port Phillip),-38.275467600000006,145.0307737,
373,Portsea,3944,Shire of Mornington Peninsula (adjacent to Port Phillip),-38.32282120000001,144.70042080000002,
374,Rosebud,3939,Shire of Mornington Peninsula (adjacent to Port Phillip),-38.3710325,144.9095115,
375,Rye,3941,Shire of Mornington Peninsula (adjacent to Port Phillip),-38.3821684,144.8099264,
376,Safety Beach,3936,Shire of Mornington Peninsula (adjacent to Port Phillip),-38.315364200000005,145.000282,
377,St Andrews Beach,3941,Shire of Mornington Peninsula (adjacent to Port Phillip),-38.4199773,144.83117,
378,Sorrento,3943,Shire of Mornington Peninsula (adjacent to Port Phillip),-38.344727299999995,144.74209380000002,
379,Tootgarook,3941,Shire of Mornington Peninsula (adjacent to Port Phillip),-38.3777277,144.8502239,Polish Restaurant
380,Bittern,3918,Shire of Mornington Peninsula (adjacent to Western Port),-38.33757979999999,145.17732890000002,Polish Restaurant
381,Crib Point,3919,Shire of Mornington Peninsula (adjacent to Western Port),-38.352358200000005,145.2029503,
382,Hastings,3915,Shire of Mornington Peninsula (adjacent to Western Port),-38.307488,145.19020030000001,
383,Somerville,3912,Shire of Mornington Peninsula (adjacent to Western Port),-38.225403899999996,145.17366919999998,
384,Tyabb,3913,Shire of Mornington Peninsula (adjacent to Western Port),-38.263700799999995,145.1871641,
385,Arthurs Seat,3936,Shire of Mornington Peninsula,-38.36077,144.959730916163,Polish Restaurant
386,Balnarring,3926,Shire of Mornington Peninsula,-38.35716,145.12594484191,
387,Balnarring Beach,3926,Shire of Mornington Peninsula,-38.395945000000005,145.113191146907,
388,Baxter,3911,Shire of Mornington Peninsula,-38.20100789999999,145.1568582,
389,Boneo,3939,Shire of Mornington Peninsula,-38.439545,144.903913613841,
390,Cape Schanck,3939,Shire of Mornington Peninsula,-38.466205,144.88921624444401,
391,Fingal,3939,Shire of Mornington Peninsula,-38.418955,144.859891004844,
392,Flinders,3929,Shire of Mornington Peninsula,-38.45564,144.985139639175,
393,HMAS Cerberus,3920,Shire of Mornington Peninsula,-38.382085,145.194820337715,
394,Main Ridge,3928,Shire of Mornington Peninsula,-38.40234,144.965533868726,Polish Restaurant
395,Merricks,3916,Shire of Mornington Peninsula,-38.3998558,145.09867749999998,
396,Merricks Beach,3926,Shire of Mornington Peninsula,-38.3998558,145.09867749999998,
397,Merricks North,3926,Shire of Mornington Peninsula,-38.34129,145.071874766734,
398,Moorooduc,3933,Shire of Mornington Peninsula,-38.245684999999995,145.11613426233,
399,Point Leo,3916,Shire of Mornington Peninsula,-38.4190327,145.07525859999998,
400,Red Hill,3937,Shire of Mornington Peninsula,-38.3799499,145.0264267,
401,Red Hill South,3937,Shire of Mornington Peninsula,-38.40638,145.029194632565,Polish Restaurant
402,Shoreham,3916,Shire of Mornington Peninsula,-38.4247467,145.0554939,Polish Restaurant
403,Somers,3927,Shire of Mornington Peninsula,-38.3923474,145.1726499,
404,Tuerong,3915,Shire of Mornington Peninsula,-38.297585,145.091226149873,
405,Diamond Creek,3089,Shire of Nillumbik,-37.6760643,145.1524368,
406,Hurstbridge,3099,Shire of Nillumbik,-37.6375848,145.19433940000002,Polish Restaurant
407,North Warrandyte,3113,Shire of Nillumbik,-37.725853799999996,145.21554630000003,Polish Restaurant
408,Research,3095,Shire of Nillumbik,-37.706655700000006,145.189067,Portuguese Restaurant
409,Wattle Glen,3096,Shire of Nillumbik,-37.66994520000001,145.1916231,Polish Restaurant
410,Bend of Islands,3097,Shire of Nillumbik,-37.700485,145.2777398125,Fast Food Restaurant
411,Christmas Hills,3775,Shire of Nillumbik,-37.65814,145.307188707865,Polish Restaurant
412,Cottles Bridge,3099,Shire of Nillumbik,-37.6234258,145.2175327,
413,Doreen,3754,Shire of Nillumbik (as a rural locality); City of Whittlesea (as a suburb),-37.5963874,145.1428928,
414,Kangaroo Ground,3097,Shire of Nillumbik,-37.6918649,145.2158904,Fast Food Restaurant
415,Kinglake,3763,Shire of Nillumbik; Shire of Murrindindi,-37.5327424,145.34113100000002,
416,Kinglake West,3778,Shire of Nillumbik; Shire of Murrindindi; City of Whittlesea,-37.4778011,145.255932344565,
417,Nutfield,3099,Shire of Nillumbik,-37.6091125,145.18292490000002,Polish Restaurant
418,Panton Hill,3759,Shire of Nillumbik,-37.6413636,145.23904130000003,Polish Restaurant
419,Plenty,3090,Shire of Nillumbik,-37.6674499,145.1123773,Polish Restaurant
420,St Andrews,3761,Shire of Nillumbik,-37.579440000000005,145.28584035,
421,Smiths Gully,3760,Shire of Nillumbik,-37.604117200000005,145.2678984,Polish Restaurant
422,Strathewen,3099,Shire of Nillumbik,-37.5478739,145.2691533,Polish Restaurant
423,Toolangi,3777,Shire of Nillumbik,-37.5333775,145.46724809999998,
424,Watsons Creek,3097,Shire of Nillumbik,-37.6703909,145.2567324,Polish Restaurant
425,Yan Yean,3755,Shire of Nillumbik; City of Whittlesea,-37.569134000000005,145.107832,
426,Yarrambat,3091,Shire of Nillumbik,-37.6375473,145.1349293,Polish Restaurant
427,Albert Park,3206,City of Port Phillip,-37.84520620000001,144.957105,Polish Restaurant
428,Balaclava,3183,City of Port Phillip,-37.8702943,144.9947414,Polish Restaurant
429,Elwood,3184,City of Port Phillip,-37.878856799999994,144.9855487,Polish Restaurant
430,Middle Park,3206,City of Port Phillip,-37.8511511,144.9620399,Thai Restaurant
431,Ripponlea,3185,City of Port Phillip,-37.877797799999996,144.99527780000003,Polish Restaurant
432,St Kilda,3182,City of Port Phillip,-37.8638261,144.981637,Polish Restaurant
433,St Kilda West,3182,City of Port Phillip,-37.8579958,144.97124519999997,Polish Restaurant
434,South Melbourne,3205,City of Port Phillip,-37.83346029999999,144.95701880000001,Thai Restaurant
435,Armadale,3143,City of Stonnington,-37.8567619,145.0206905,Polish Restaurant
436,Kooyong,3144,City of Stonnington,-37.841394,145.03584019999997,Thai Restaurant
437,Malvern,3144,City of Stonnington,-37.8576088,145.0350666,Polish Restaurant
438,Malvern East,3145,City of Stonnington,-37.876835,145.0658739,Polish Restaurant
439,Prahran,3181,City of Stonnington,-37.8478,145.0,Thai Restaurant
440,Toorak,3142,City of Stonnington,-37.8416141,145.01762150000002,Thai Restaurant
441,Windsor,3181,City of Stonnington,-37.854522700000004,144.9921665,Seafood Restaurant
442,Blackburn,3130,City of Whitehorse,-37.821700899999996,145.152276,Italian Restaurant
443,Blackburn North,3130,City of Whitehorse,-37.8053801,145.154324,Korean Restaurant
444,Blackburn South,3130,City of Whitehorse,-37.838832200000006,145.14878480000002,Thai Restaurant
445,Box Hill,3128,City of Whitehorse,-37.8215116,145.1261267,Italian Restaurant
446,Box Hill North,3129,City of Whitehorse,-37.8056831,145.1295748,Italian Restaurant
447,Box Hill South,3128,City of Whitehorse,-37.8366236,145.1233644,Kebab Restaurant
448,Burwood East,3151,City of Whitehorse,-37.8535935,145.150423,Thai Restaurant
449,Forest Hill,3131,City of Whitehorse,-37.836273799999994,145.16909109999997,Kebab Restaurant
450,Mitcham,3132,City of Whitehorse,-37.818191999999996,145.19902119999998,Italian Restaurant
451,Vermont,3133,City of Whitehorse,-37.8384616,145.19934709999998,Thai Restaurant
452,Vermont South,3133,City of Whitehorse,-37.854386,145.1878065,Thai Restaurant
453,Epping,3076,City of Whittlesea,-37.639111,145.0266224,Polish Restaurant
454,Lalor,3075,City of Whittlesea,-37.66582655,145.01727858990802,Polish Restaurant
455,Mernda,3754,City of Whittlesea,-37.6027435,145.10083480000003,Polish Restaurant
456,Mill Park,3082,City of Whittlesea,-37.6641334,145.0642681,Polish Restaurant
457,South Morang,3752,City of Whittlesea,-37.63167670000001,145.08363530000003,
458,Thomastown,3074,City of Whittlesea,-37.680561600000004,145.014410295635,Polish Restaurant
459,Beveridge,3753,City of Whittlesea; Shire of Mitchell,-37.471265100000004,144.97456630000002,
460,Eden Park,3757,City of Whittlesea,-37.48874,145.066544844465,
461,Humevale,3757,City of Whittlesea,-37.50613,145.192174078888,
462,Whittlesea,3757,City of Whittlesea,-37.5121301,145.1177321,
463,Wollert,3750,City of Whittlesea,-37.5939889,145.03373330000002,
464,Woodstock,3755,City of Whittlesea,-37.5460487,145.054426593234,
465,Hoppers Crossing,3029,City of Wyndham,-37.86657039999999,144.6949625,Polish Restaurant
466,Laverton North,3026,City of Wyndham,-37.830070500000005,144.7869487,Malay Restaurant
467,Manor Lakes,3024,City of Wyndham,-37.8686285,144.59501269999998,Polish Restaurant
468,Point Cook,3030,City of Wyndham,-37.9064862,144.75330590000002,
469,Tarneit,3029,City of Wyndham,-37.83833625,144.703855735685,Thai Restaurant
470,Werribee,3030,City of Wyndham,-37.9008141,144.6616976,
471,Werribee South,3030,City of Wyndham,-37.9734648,144.6922245,
472,Williams Landing,3027,City of Wyndham,-37.8614297,144.7445428,Polish Restaurant
473,Wyndham Vale,3024,City of Wyndham,-37.8722432,144.6084185,Polish Restaurant
474,Cocoroc,3030,City of Wyndham,-37.9748784,144.62867930000002,
475,Little River,3211,City of Wyndham; City of Greater Geelong,-37.939080700000005,144.4789406,
476,Mambourin,3024,City of Wyndham,-37.89967670000001,144.554854,
477,Quandong,3340,City of Wyndham,-37.8388844,144.5538125,Kebab Restaurant
478,Abbotsford,3067,City of Yarra,-37.804550799999994,144.99885419999998,Italian Restaurant
479,Burnley,3121,City of Yarra,-37.829613200000004,145.0175294,Malay Restaurant
480,Clifton Hill,3068,City of Yarra,-37.7904385,144.99753710000002,Polish Restaurant
481,Collingwood,3066,City of Yarra,-37.802104,144.98813869999998,Italian Restaurant
482,Cremorne,3121,City of Yarra,-37.8290227,144.9927735,Malay Restaurant
483,Fitzroy,3065,City of Yarra,-37.8010382,144.9792611,Italian Restaurant
484,Fitzroy North,3068,City of Yarra,-37.7833316,144.98370740000001,Sushi Restaurant
485,Princes Hill,3054,City of Yarra,-37.7818041,144.9665675,Sushi Restaurant
486,Richmond,3121,City of Yarra,-37.820395500000004,145.00251530000003,Italian Restaurant
487,Belgrave,3160,Shire of Yarra Ranges,-37.91104835,145.353691475376,
488,Belgrave Heights,3160,Shire of Yarra Ranges,-37.9266116,145.3525247,
489,Belgrave South,3160,Shire of Yarra Ranges,-37.9424023,145.3573383,
490,Chirnside Park,3116,Shire of Yarra Ranges,-37.738583500000004,145.31431809999998,Portuguese Restaurant
491,Kilsyth,3137,Shire of Yarra Ranges,-37.8037844,145.3134593,Italian Restaurant
492,Lilydale,3140,Shire of Yarra Ranges,-37.7576639,145.352405,Indian Restaurant
493,Montrose,3765,Shire of Yarra Ranges,-37.81068,145.350850076404,Korean Restaurant
494,Mooroolbark,3138,Shire of Yarra Ranges,-37.781344700000005,145.32567319999998,Sushi Restaurant
495,Mount Evelyn,3796,Shire of Yarra Ranges,-25.504189999999998,121.7492,
496,Selby,3159,Shire of Yarra Ranges,-37.918760799999994,145.3784097,
497,Tecoma,3160,Shire of Yarra Ranges,-37.9030367,145.34467959999998,
498,Upwey,3158,Shire of Yarra Ranges,-37.9036086,145.3313506,
499,Badger Creek,3777,Shire of Yarra Ranges,-37.6821729,145.5354699,Polish Restaurant
500,Beenak,3139,Shire of Yarra Ranges,-37.8087592,145.5024531,Korean Restaurant
501,Big Pats Creek,3799,Shire of Yarra Ranges,-37.764685799999995,145.750752,Indian Restaurant
502,Cambarville,3779,Shire of Yarra Ranges,-37.558170000000004,145.88744169999998,
503,Chum Creek,3777,Shire of Yarra Ranges,-37.6364618,145.5188488,Polish Restaurant
504,Coldstream,3770,Shire of Yarra Ranges,-35.16408045,149.13920215920402,
505,Dixons Creek,3775,Shire of Yarra Ranges,-37.63870120000001,145.3978013,Polish Restaurant
506,Don Valley,3139,Shire of Yarra Ranges,-37.7608659,145.58687319999999,Indian Restaurant
507,Fernshaw,3778,Shire of Yarra Ranges,-37.5762973,144.7145654,
508,Ferny Creek,3786,Shire of Yarra Ranges,-37.8821539,145.3353111,Polish Restaurant
509,Gilderoy,3797,Shire of Yarra Ranges,-37.854707299999994,145.7128179,Polish Restaurant
510,Gladysdale,3797,Shire of Yarra Ranges,-37.84282725,145.635089993066,Australian Restaurant
511,Gruyere,3770,Shire of Yarra Ranges,-37.72896,145.46342348646002,Polish Restaurant
512,Healesville,3777,Shire of Yarra Ranges,-37.6537218,145.5161533,Polish Restaurant
513,Hoddles Creek,3139,Shire of Yarra Ranges,-37.782019899999995,145.5759957,Sushi Restaurant
514,Kallista,3791,Shire of Yarra Ranges,-37.8858076,145.37291230000002,
515,Kalorama,3766,Shire of Yarra Ranges,-37.8194174,145.372162,Italian Restaurant
516,Launching Place,3139,Shire of Yarra Ranges,-37.780676899999996,145.56919209999998,Australian Restaurant
517,Macclesfield,3782,Shire of Yarra Ranges,-37.881875,145.48988485148502,Polish Restaurant
518,McMahons Creek,3799,Shire of Yarra Ranges,-37.676665,145.970242595986,
519,Matlock,3723,Shire of Yarra Ranges; Shire of Mansfield,-37.598542,146.2077112,
520,Millgrove,3799,Shire of Yarra Ranges,-37.75150120000001,145.6612026,Middle Eastern Restaurant
521,Monbulk,3793,Shire of Yarra Ranges,-37.874177100000004,145.4286024,Polish Restaurant
522,Mount Dandenong,3767,Shire of Yarra Ranges,-37.829176600000004,145.35388369999998,Malay Restaurant
523,Mount Toolebewong,3777,Shire of Yarra Ranges,0.0,0.0,Polish Restaurant
524,Narre Warren East,3804,Shire of Yarra Ranges,-37.96297925,145.358052706164,
525,Olinda,3788,Shire of Yarra Ranges,-37.843742,145.3855733,Australian Restaurant
526,Powelltown,3797,Shire of Yarra Ranges,-37.8630657,145.7514607,Polish Restaurant
527,Reefton,3799,Shire of Yarra Ranges,-37.7012226,145.831458,Fast Food Restaurant
528,Sassafras,3787,Shire of Yarra Ranges,-37.8678412,145.35680390000002,Polish Restaurant
529,Seville,3139,Shire of Yarra Ranges,-37.778204200000005,145.45940009999998,Fast Food Restaurant
530,Seville East,3139,Shire of Yarra Ranges,-37.7743,145.49881090000002,Fast Food Restaurant
531,Sherbrooke,3789,Shire of Yarra Ranges,-37.8872461,145.3520043,
532,Silvan,3795,Shire of Yarra Ranges,-37.8291,145.43776504792402,Malay Restaurant
533,Steels Creek,3775,Shire of Yarra Ranges,-37.631723,145.3917831,
534,Tarrawarra,3775,Shire of Yarra Ranges,-37.6572776,145.42656110000001,Polish Restaurant
535,The Patch,3792,Shire of Yarra Ranges,-37.8901143,145.3912949,
536,Three Bridges,3797,Shire of Yarra Ranges,-37.85718,145.696878650087,Polish Restaurant
537,Toorongo,3833,Shire of Yarra Ranges,-37.902262,146.0231389,
538,Tremont,3785,Shire of Yarra Ranges,-37.8788598,145.3157699,Polish Restaurant
539,Wandin East,3139,Shire of Yarra Ranges,-37.814209999999996,145.455768902598,Sushi Restaurant
540,Wandin North,3139,Shire of Yarra Ranges,-37.7806025,145.42629340000002,Australian Restaurant
541,Warburton,3799,Shire of Yarra Ranges,-37.77946,145.71941172413798,Fast Food Restaurant
542,Warburton East,3799,Shire of Yarra Ranges,-37.77946,145.71941172413798,Fast Food Restaurant
543,Wesburn,3799,Shire of Yarra Ranges,-37.695415000000004,145.693112469387,Polish Restaurant
544,Woori Yallock,3139,Shire of Yarra Ranges,-37.7793329,145.53012619999998,Fast Food Restaurant
545,Yarra Glen,3775,Shire of Yarra Ranges,-37.6573475,145.37439640000002,Polish Restaurant
546,Yarra Junction,3797,Shire of Yarra Ranges,-37.7821693,145.6150255,Sushi Restaurant
547,Yellingbo,3139,Shire of Yarra Ranges,-37.8135132,145.5082046,Sushi Restaurant
548,Yering,3770,Shire of Yarra Ranges,-37.6887134,145.3746571,Fast Food Restaurant
